Wallet Address,Stellar Expert Wallet Link,Transaction Hash,Stellar Expert Transaction Link
"GACRCVDLPU2RAI32ZPO44RWWUG5J5GPXIY4ULWAR3OT6E5REJFYYNMXM","https://stellar.expert/explorer/testnet/account/GACRCVDLPU2RAI32ZPO44RWWUG5J5GPXIY4ULWAR3OT6E5REJFYYNMXM","234f57fc8bc6f033118fa9d39c44810f9125bad510f418cb695147fce18b0052","https://stellar.expert/explorer/testnet/tx/234f57fc8bc6f033118fa9d39c44810f9125bad510f418cb695147fce18b0052"
"GDI55K5BRMFJKTW3O76AECTEOVZDZWMJZH6RMWZU42XP5MCBNAKXZCRA","https://stellar.expert/explorer/testnet/account/GDI55K5BRMFJKTW3O76AECTEOVZDZWMJZH6RMWZU42XP5MCBNAKXZCRA","6b5e4652f048bbe1ddad831ea2a71bb812654d7f18ef98b4c7f643e95aef7ae3","https://stellar.expert/explorer/testnet/tx/6b5e4652f048bbe1ddad831ea2a71bb812654d7f18ef98b4c7f643e95aef7ae3"
"GAXPMKUNXK5QVG5KWSR7QS4P6O5VFKUT5QJLVE4IFZSX4UZKB4LPSGOL","https://stellar.expert/explorer/testnet/account/GAXPMKUNXK5QVG5KWSR7QS4P6O5VFKUT5QJLVE4IFZSX4UZKB4LPSGOL","4281ff4ec404d004605ee1600ea5c9a6bb9dba293abfa64ebc4882b3b3f155c3","https://stellar.expert/explorer/testnet/tx/4281ff4ec404d004605ee1600ea5c9a6bb9dba293abfa64ebc4882b3b3f155c3"
"GCSRYWZWSLPM5MFMGG75XOQDYNXXESEOD3WVQR5WM4CBR6ZFRIM7CI4H","https://stellar.expert/explorer/testnet/account/GCSRYWZWSLPM5MFMGG75XOQDYNXXESEOD3WVQR5WM4CBR6ZFRIM7CI4H","931c0e1d5694427f501e910135dd47ba692439d9b46123c8d0987cd6657b949b","https://stellar.expert/explorer/testnet/tx/931c0e1d5694427f501e910135dd47ba692439d9b46123c8d0987cd6657b949b"
"GAMLRKXOGTUJFFJ7SBY36P4PERSTGA3RHRVI7F3RYPN64NTNPGZ7OZPL","https://stellar.expert/explorer/testnet/account/GAMLRKXOGTUJFFJ7SBY36P4PERSTGA3RHRVI7F3RYPN64NTNPGZ7OZPL","74b3ae116974547d3043fb55352fb4e9f5466e1e6573a1ee61f6dde3192610d6","https://stellar.expert/explorer/testnet/tx/74b3ae116974547d3043fb55352fb4e9f5466e1e6573a1ee61f6dde3192610d6"
"GDS2JW5SPJEJK2NQZZE6ZOSIMAZNX2JZNREYSLDX2FRWKH4RTXSJBMSC","https://stellar.expert/explorer/testnet/account/GDS2JW5SPJEJK2NQZZE6ZOSIMAZNX2JZNREYSLDX2FRWKH4RTXSJBMSC","32d94a12bb993e01a710c40370e7ce5420a0f257e1165e931aad5fe29132d0c3","https://stellar.expert/explorer/testnet/tx/32d94a12bb993e01a710c40370e7ce5420a0f257e1165e931aad5fe29132d0c3"
"GBGKCOCXTOMWDVJR4FCGLAC7J2FWNYI7G7FL5L36QNMQDPKB5QWM4AKF","https://stellar.expert/explorer/testnet/account/GBGKCOCXTOMWDVJR4FCGLAC7J2FWNYI7G7FL5L36QNMQDPKB5QWM4AKF","22226add031cc18e350581885ff5bfabb48f6dea28b478f779cd670452b65945","https://stellar.expert/explorer/testnet/tx/22226add031cc18e350581885ff5bfabb48f6dea28b478f779cd670452b65945"
"GCYAWHMNWYWTFVIVT3X4RXOKXDQALPPVMYOUWFBLZYAMTZYEJ6I2GJGA","https://stellar.expert/explorer/testnet/account/GCYAWHMNWYWTFVIVT3X4RXOKXDQALPPVMYOUWFBLZYAMTZYEJ6I2GJGA","d5ee1dc293fa88c42d16e20d933c9072096688fd9a69e17eb792e2ebe2e31e6d","https://stellar.expert/explorer/testnet/tx/d5ee1dc293fa88c42d16e20d933c9072096688fd9a69e17eb792e2ebe2e31e6d"
"GALSULY22W7W3QDUGFU4D5TD5WOXGDU2YPXOB2D5P6WPTOWEG7LVQ3DH","https://stellar.expert/explorer/testnet/account/GALSULY22W7W3QDUGFU4D5TD5WOXGDU2YPXOB2D5P6WPTOWEG7LVQ3DH","51b6612def91c5165fed5321f8b3dfb14bf211f0f37f66029b539dbe5d92b2b5","https://stellar.expert/explorer/testnet/tx/51b6612def91c5165fed5321f8b3dfb14bf211f0f37f66029b539dbe5d92b2b5"
"GAVN2BL47HQAGUNRIQFGGLB2OP7HCQP2E2PYSLJO5RSL5JQXU6FKHE2G","https://stellar.expert/explorer/testnet/account/GAVN2BL47HQAGUNRIQFGGLB2OP7HCQP2E2PYSLJO5RSL5JQXU6FKHE2G","1fa1f7cff69b4d20c97c7a45fd0e241f34d9cff4aa4d79ea1238eb4a4dd8473b","https://stellar.expert/explorer/testnet/tx/1fa1f7cff69b4d20c97c7a45fd0e241f34d9cff4aa4d79ea1238eb4a4dd8473b"
"GB4AMUT4KU6BTZNF63KJZN3LDZTKP3DAKQPRVONWWOL4D4R5MAWEY7O2","https://stellar.expert/explorer/testnet/account/GB4AMUT4KU6BTZNF63KJZN3LDZTKP3DAKQPRVONWWOL4D4R5MAWEY7O2","0598bdf5e4353d21c7c6312580ec629dc905a30ac53cf177782fe11135a0d13b","https://stellar.expert/explorer/testnet/tx/0598bdf5e4353d21c7c6312580ec629dc905a30ac53cf177782fe11135a0d13b"
"GCNOMSXSP5KXOXOQCQHITJX6FQLBIQVHZL5BQRH4WO6FT5LWL6AT3UWS","https://stellar.expert/explorer/testnet/account/GCNOMSXSP5KXOXOQCQHITJX6FQLBIQVHZL5BQRH4WO6FT5LWL6AT3UWS","b51845a1676983a268ae70da4944a8b45376eac33ac0be71ac8c7fdd56e8960a","https://stellar.expert/explorer/testnet/tx/b51845a1676983a268ae70da4944a8b45376eac33ac0be71ac8c7fdd56e8960a"
"GBVS7VE3AJCEJHI4Y5RKFTJFOSHHX57QMTOTZEORPCOQWU3OBIV25LJ3","https://stellar.expert/explorer/testnet/account/GBVS7VE3AJCEJHI4Y5RKFTJFOSHHX57QMTOTZEORPCOQWU3OBIV25LJ3","ed47bacf38c6a53f189445b9bfa908229723babb46c6e50c6ff2b4b4067b3634","https://stellar.expert/explorer/testnet/tx/ed47bacf38c6a53f189445b9bfa908229723babb46c6e50c6ff2b4b4067b3634"
"GCBTBPIS5MCZESKTCUY3Y4U23OWJY4RIOJCQ46PJMSEFCXJJGLHFMZ6E","https://stellar.expert/explorer/testnet/account/GCBTBPIS5MCZESKTCUY3Y4U23OWJY4RIOJCQ46PJMSEFCXJJGLHFMZ6E","7f426e74aa4faf896d2e6951173545d65d6b362ab621fd0103b348d54fb05fd7","https://stellar.expert/explorer/testnet/tx/7f426e74aa4faf896d2e6951173545d65d6b362ab621fd0103b348d54fb05fd7"
"GDIDUTHT3TQYYQTTWOIPABDV3LYSNO6YKC7UBIFQUICIA4UWV4ZC2MWI","https://stellar.expert/explorer/testnet/account/GDIDUTHT3TQYYQTTWOIPABDV3LYSNO6YKC7UBIFQUICIA4UWV4ZC2MWI","5539de200ed057db44fe481b582c0b2aff872dbd061970f6a16bd3de8b2bea61","https://stellar.expert/explorer/testnet/tx/5539de200ed057db44fe481b582c0b2aff872dbd061970f6a16bd3de8b2bea61"
"GDUNC2CRQYFFR4D4X6NPSSVC2OFJNHFT26DQNP7TEFXUHQOZJ2662LKS","https://stellar.expert/explorer/testnet/account/GDUNC2CRQYFFR4D4X6NPSSVC2OFJNHFT26DQNP7TEFXUHQOZJ2662LKS","8235274dd4873ccce8e9037ad1cbfbc08d18b1e2c58e9369bd4873fe582d698d","https://stellar.expert/explorer/testnet/tx/8235274dd4873ccce8e9037ad1cbfbc08d18b1e2c58e9369bd4873fe582d698d"
"GASPGVSLEZ3RPNBCLIH4GHFY7EWBNYQNG4662S4I4IYUKFQF2NWSYD32","https://stellar.expert/explorer/testnet/account/GASPGVSLEZ3RPNBCLIH4GHFY7EWBNYQNG4662S4I4IYUKFQF2NWSYD32","a3d6169f56d2eb0d4dbf99d21f3e184ad6bc2ed8077ac3b990403c125574dc52","https://stellar.expert/explorer/testnet/tx/a3d6169f56d2eb0d4dbf99d21f3e184ad6bc2ed8077ac3b990403c125574dc52"
"GBU4R6NN5BXGY22HHTHACAOONVMU5U73TXCODNNEUA26CKBXV27KSGZD","https://stellar.expert/explorer/testnet/account/GBU4R6NN5BXGY22HHTHACAOONVMU5U73TXCODNNEUA26CKBXV27KSGZD","ede23472bc5ab2422402e75b4ae6a3ff82ced938714a4326b770b3529ccf00b6","https://stellar.expert/explorer/testnet/tx/ede23472bc5ab2422402e75b4ae6a3ff82ced938714a4326b770b3529ccf00b6"
"GDWDBSQIM57URAGPT2KKF2VTSPBXD6WQAFUS3AZGQU2GURTKHHGOSKC2","https://stellar.expert/explorer/testnet/account/GDWDBSQIM57URAGPT2KKF2VTSPBXD6WQAFUS3AZGQU2GURTKHHGOSKC2","389ca76ababf3669b783d7efda376bf08581f5c4715ede9042887feffa5a9071","https://stellar.expert/explorer/testnet/tx/389ca76ababf3669b783d7efda376bf08581f5c4715ede9042887feffa5a9071"
"GBSKDMXODC7Y3VJ2IU7FFNZ4OZTKECPW2IVVTD75UQM6A4CSFB66HFQN","https://stellar.expert/explorer/testnet/account/GBSKDMXODC7Y3VJ2IU7FFNZ4OZTKECPW2IVVTD75UQM6A4CSFB66HFQN","f0fb4f1342fc20f6d08f691a4d3f686d5592313055fc560a24c057cd9514114c","https://stellar.expert/explorer/testnet/tx/f0fb4f1342fc20f6d08f691a4d3f686d5592313055fc560a24c057cd9514114c"
"GC5ZNESRHEKFQWKVRR7WP6SCLMIER6NLZV3W5DETF5N4HNJYZQS6VD6H","https://stellar.expert/explorer/testnet/account/GC5ZNESRHEKFQWKVRR7WP6SCLMIER6NLZV3W5DETF5N4HNJYZQS6VD6H","42cb3fddebcea14179480ab27d1c6bbf467428c778796803d84d75fbc44b6c33","https://stellar.expert/explorer/testnet/tx/42cb3fddebcea14179480ab27d1c6bbf467428c778796803d84d75fbc44b6c33"
"GCW4PXI2AQ3R73Q6RY7LB5GOVOMLKSG3A3OUTMJ43X3FEHJUOZQD4AG5","https://stellar.expert/explorer/testnet/account/GCW4PXI2AQ3R73Q6RY7LB5GOVOMLKSG3A3OUTMJ43X3FEHJUOZQD4AG5","bfd1b6a233dd5615bdc6d01c162175871d2540ac52cfb18858b423eab5f69fbf","https://stellar.expert/explorer/testnet/tx/bfd1b6a233dd5615bdc6d01c162175871d2540ac52cfb18858b423eab5f69fbf"
"GDIADDWF3WPELJWLQD3DEMUS452BDHC7BMUVFVWC62APMLV3VFBJ5WCL","https://stellar.expert/explorer/testnet/account/GDIADDWF3WPELJWLQD3DEMUS452BDHC7BMUVFVWC62APMLV3VFBJ5WCL","3c974fe8ee4ae1c56c7390d947b7371e7cc731158abbb76e8a044bebf3f16db3","https://stellar.expert/explorer/testnet/tx/3c974fe8ee4ae1c56c7390d947b7371e7cc731158abbb76e8a044bebf3f16db3"
"GBKNECUMG5YF47IT2FFRUPR37AJGTXCRGDO6QQ7QHVDDSBZIRGYOPOYM","https://stellar.expert/explorer/testnet/account/GBKNECUMG5YF47IT2FFRUPR37AJGTXCRGDO6QQ7QHVDDSBZIRGYOPOYM","403f7597304061f7d1b4dc5febbcbd663a176f5d1cbe4effe12a8702c0bec875","https://stellar.expert/explorer/testnet/tx/403f7597304061f7d1b4dc5febbcbd663a176f5d1cbe4effe12a8702c0bec875"
"GBZUNNG5UMQASF4EOX6WO7DQGN2SQNT35IDLCM4ICPODVCGLS2WHLZ7C","https://stellar.expert/explorer/testnet/account/GBZUNNG5UMQASF4EOX6WO7DQGN2SQNT35IDLCM4ICPODVCGLS2WHLZ7C","99046777ffd694cab3116b63cb33f3636c85f9d4a0798e9272a41b8b362f5a50","https://stellar.expert/explorer/testnet/tx/99046777ffd694cab3116b63cb33f3636c85f9d4a0798e9272a41b8b362f5a50"
"GAG5QWY5U2X6HG7OTD4WO3WHTNXVT2EWDAFASCNQ32JPVT7RODF3JFLM","https://stellar.expert/explorer/testnet/account/GAG5QWY5U2X6HG7OTD4WO3WHTNXVT2EWDAFASCNQ32JPVT7RODF3JFLM","0116d553dd08d06faa04ee6e8cfb8b162c644f4276957c140f8d50325ebc436b","https://stellar.expert/explorer/testnet/tx/0116d553dd08d06faa04ee6e8cfb8b162c644f4276957c140f8d50325ebc436b"
"GAUIP2GSUFV3XSPD25X2CNZWHVH5K57L5YNEMOITWH7UFA77RKYGVZC4","https://stellar.expert/explorer/testnet/account/GAUIP2GSUFV3XSPD25X2CNZWHVH5K57L5YNEMOITWH7UFA77RKYGVZC4","a37482551961d456ee6b4ec1de71d60f4c36a9543a9fce254f2b0e068372ebef","https://stellar.expert/explorer/testnet/tx/a37482551961d456ee6b4ec1de71d60f4c36a9543a9fce254f2b0e068372ebef"
"GBHLAOJ5VPYTBMVM3NHXCJ7KGLVFRNTQMPDHS6QL26FOUMQMLARXBOSP","https://stellar.expert/explorer/testnet/account/GBHLAOJ5VPYTBMVM3NHXCJ7KGLVFRNTQMPDHS6QL26FOUMQMLARXBOSP","9e981fae0d4c4652ad30e02a1030cb741a9a6dd92bceb6a31a798dae1046870b","https://stellar.expert/explorer/testnet/tx/9e981fae0d4c4652ad30e02a1030cb741a9a6dd92bceb6a31a798dae1046870b"
"GDI7POXS5UFF4LLRZAAWKKHTZUW4SP32N3CECHKZFB55GHLW6YZZEOZC","https://stellar.expert/explorer/testnet/account/GDI7POXS5UFF4LLRZAAWKKHTZUW4SP32N3CECHKZFB55GHLW6YZZEOZC","7960050e276051605413a5d1ecc1d59b49738a476ceb5b709e2fbe4634f8cce0","https://stellar.expert/explorer/testnet/tx/7960050e276051605413a5d1ecc1d59b49738a476ceb5b709e2fbe4634f8cce0"
"GAUZA27AJUKXA2IERFMMJCW7CVK4FRBOUYQV4NQZYLSO5ZBWDDPTMNVP","https://stellar.expert/explorer/testnet/account/GAUZA27AJUKXA2IERFMMJCW7CVK4FRBOUYQV4NQZYLSO5ZBWDDPTMNVP","4d4646b09dde35ab867014a12678394ff234f746d9eceff4445248c022859419","https://stellar.expert/explorer/testnet/tx/4d4646b09dde35ab867014a12678394ff234f746d9eceff4445248c022859419"
"GBRC3NK6WVZKRBQZPVNQ37T6T2YUYOSJW4ZE5NFQFQV5ZFMAFPPF7Q55","https://stellar.expert/explorer/testnet/account/GBRC3NK6WVZKRBQZPVNQ37T6T2YUYOSJW4ZE5NFQFQV5ZFMAFPPF7Q55","6b92f7c373b83493a7879b5ba4fab2d0239195485e395b6ed5455cdc959004b7","https://stellar.expert/explorer/testnet/tx/6b92f7c373b83493a7879b5ba4fab2d0239195485e395b6ed5455cdc959004b7"
"GC5JIJDZV4DR22BEQIOOYOWVLVZRO7XUE2R56XUVSIWMIGXY5UM5XEOT","https://stellar.expert/explorer/testnet/account/GC5JIJDZV4DR22BEQIOOYOWVLVZRO7XUE2R56XUVSIWMIGXY5UM5XEOT","d0618c88e67efd059b30039a562794935dc1b1b1bd919ef45bde63267ea84f1e","https://stellar.expert/explorer/testnet/tx/d0618c88e67efd059b30039a562794935dc1b1b1bd919ef45bde63267ea84f1e"
"GCQ2QADM7RF2AUUKKMAUPLQP7DR3SYBOMHHS6PWM2XY3EALNKFPT4DAM","https://stellar.expert/explorer/testnet/account/GCQ2QADM7RF2AUUKKMAUPLQP7DR3SYBOMHHS6PWM2XY3EALNKFPT4DAM","6c712fb0b250c136d13da611c9d88268a9e31faf8c800df0b939bb56a65276a9","https://stellar.expert/explorer/testnet/tx/6c712fb0b250c136d13da611c9d88268a9e31faf8c800df0b939bb56a65276a9"
"GBVU3CMBKX43UCYDXO5Q7CZOFVB2S2HRNF5MLQVSUKR7NESWOH45MO73","https://stellar.expert/explorer/testnet/account/GBVU3CMBKX43UCYDXO5Q7CZOFVB2S2HRNF5MLQVSUKR7NESWOH45MO73","ac62628a4317350827b8d762deb6ee993301dd1e51adde5107f6e0b332f2b46d","https://stellar.expert/explorer/testnet/tx/ac62628a4317350827b8d762deb6ee993301dd1e51adde5107f6e0b332f2b46d"
"GB7TGFZF7RVYT26NHKNQNPAHDOWSP3P7KCNVANS7AZQT4UCECMRZ2DV6","https://stellar.expert/explorer/testnet/account/GB7TGFZF7RVYT26NHKNQNPAHDOWSP3P7KCNVANS7AZQT4UCECMRZ2DV6","546d821f8ec621722f59aa3d4c65e1c471b8d7519c4ca7b86074d15f79eeecdc","https://stellar.expert/explorer/testnet/tx/546d821f8ec621722f59aa3d4c65e1c471b8d7519c4ca7b86074d15f79eeecdc"
"GCDKBD42FE4RTUNVSQ3DMPNQBXQA2KSQIN3Y26QUB7L7BJXIFOXWCWNQ","https://stellar.expert/explorer/testnet/account/GCDKBD42FE4RTUNVSQ3DMPNQBXQA2KSQIN3Y26QUB7L7BJXIFOXWCWNQ","d716dd5c276b39531bcad47dad758bd0c05f6ee0aa1025fde1c5b2c3ea9010c9","https://stellar.expert/explorer/testnet/tx/d716dd5c276b39531bcad47dad758bd0c05f6ee0aa1025fde1c5b2c3ea9010c9"
"GCUAVQ7QC6EQPKRN47U6J33KDOLZWI7MA5XUCSE2UWGQ6NCZTXV4E4TB","https://stellar.expert/explorer/testnet/account/GCUAVQ7QC6EQPKRN47U6J33KDOLZWI7MA5XUCSE2UWGQ6NCZTXV4E4TB","58959ae284ad435db7e57a640e5a23d3587dbe5be34b0de12eeaeb6534607796","https://stellar.expert/explorer/testnet/tx/58959ae284ad435db7e57a640e5a23d3587dbe5be34b0de12eeaeb6534607796"
"GDTQBCDFB5RNJSJHQAR6M5C74PMXV4M34ZR7MAXL6OTEWMCBH54D5ZYX","https://stellar.expert/explorer/testnet/account/GDTQBCDFB5RNJSJHQAR6M5C74PMXV4M34ZR7MAXL6OTEWMCBH54D5ZYX","67543d1c12e3c39ed90d152d41d27ec62c4f92b013b45002ee72618b9966a430","https://stellar.expert/explorer/testnet/tx/67543d1c12e3c39ed90d152d41d27ec62c4f92b013b45002ee72618b9966a430"
"GBGCP45HH73FXC2AXJ7GTLTWKSKVL4ZZ7CC34I7HAIZD7CY6WUQILCYA","https://stellar.expert/explorer/testnet/account/GBGCP45HH73FXC2AXJ7GTLTWKSKVL4ZZ7CC34I7HAIZD7CY6WUQILCYA","162e6d1ab1ee5cffe6eb0051296002bef67075fef337b2f0c1375fece1a2c9cb","https://stellar.expert/explorer/testnet/tx/162e6d1ab1ee5cffe6eb0051296002bef67075fef337b2f0c1375fece1a2c9cb"
"GDFXCXKJL6NAFMBYQWPYWSVYIEHMKKBPXLVPCG5QZM72UYM55BBTKQWD","https://stellar.expert/explorer/testnet/account/GDFXCXKJL6NAFMBYQWPYWSVYIEHMKKBPXLVPCG5QZM72UYM55BBTKQWD","ddb40be807119ebc6b7985871fda1ed48ff8e8b3512ec5f2e7b3bbfc1ef7563b","https://stellar.expert/explorer/testnet/tx/ddb40be807119ebc6b7985871fda1ed48ff8e8b3512ec5f2e7b3bbfc1ef7563b"
"GDM65CVXFE5VAN26CJZLPZNZDIVALQZXC6GXWFIAZEEJ7FPKUHQGJP2C","https://stellar.expert/explorer/testnet/account/GDM65CVXFE5VAN26CJZLPZNZDIVALQZXC6GXWFIAZEEJ7FPKUHQGJP2C","579bdadc8326a851398e1e7fd2f82061946905ce37274f33ab9b71f1e268ee21","https://stellar.expert/explorer/testnet/tx/579bdadc8326a851398e1e7fd2f82061946905ce37274f33ab9b71f1e268ee21"
"GBA52DJVOKYM5N6JHSAGO7MR6NKRPDCTZY5HKVHMDPS5LIOBEJXSRV4G","https://stellar.expert/explorer/testnet/account/GBA52DJVOKYM5N6JHSAGO7MR6NKRPDCTZY5HKVHMDPS5LIOBEJXSRV4G","47f3960b968c123c64c554d2f4a60c9e312a8209fae4a38e37760eb3bde13a81","https://stellar.expert/explorer/testnet/tx/47f3960b968c123c64c554d2f4a60c9e312a8209fae4a38e37760eb3bde13a81"
"GAH6FIQ6SHEORJ3TOGQAXMXNQQ2RYIALTYBJVQV5B62TDD7FESHP226A","https://stellar.expert/explorer/testnet/account/GAH6FIQ6SHEORJ3TOGQAXMXNQQ2RYIALTYBJVQV5B62TDD7FESHP226A","9f124989d5523f5659e5e5965734936439b06e986c158cee47fe6edaa69e00ee","https://stellar.expert/explorer/testnet/tx/9f124989d5523f5659e5e5965734936439b06e986c158cee47fe6edaa69e00ee"
"GC6WFWH2XA3DFF76T336X73WEGDGX4BQTM2Q6SH3AZ24RU66LEVQ2IXP","https://stellar.expert/explorer/testnet/account/GC6WFWH2XA3DFF76T336X73WEGDGX4BQTM2Q6SH3AZ24RU66LEVQ2IXP","f6a27612e82db972fc8049e024e8bb53d19e45442d60c079883589b651a81afb","https://stellar.expert/explorer/testnet/tx/f6a27612e82db972fc8049e024e8bb53d19e45442d60c079883589b651a81afb"
"GDHBBKAWQOZ6CMU3GSQWRDDRN4C5XMXQ7GRTZ4IRQSZDDTYD3R4II2UJ","https://stellar.expert/explorer/testnet/account/GDHBBKAWQOZ6CMU3GSQWRDDRN4C5XMXQ7GRTZ4IRQSZDDTYD3R4II2UJ","7760f2566370573b674a3b4017204c9d270135be4a0041a00d6bba15c2dd0787","https://stellar.expert/explorer/testnet/tx/7760f2566370573b674a3b4017204c9d270135be4a0041a00d6bba15c2dd0787"
"GBF3IWX43AOIOBYD3OI2MKPJLVZDNH2SA3ZI7ITA5GON4VCOFNWVDTPF","https://stellar.expert/explorer/testnet/account/GBF3IWX43AOIOBYD3OI2MKPJLVZDNH2SA3ZI7ITA5GON4VCOFNWVDTPF","337e5e23d844fc4bd7eae48ea3213cf3423430bf6512752326696881e88af607","https://stellar.expert/explorer/testnet/tx/337e5e23d844fc4bd7eae48ea3213cf3423430bf6512752326696881e88af607"
"GDJFVWCKUF765SUTPICK724TMW7I4LFPEWOERDPZSUSBJKMQY2H6PL6A","https://stellar.expert/explorer/testnet/account/GDJFVWCKUF765SUTPICK724TMW7I4LFPEWOERDPZSUSBJKMQY2H6PL6A","ef48b472b60d688f771b2c3f2533af78a2aa07c10702eec1b749408be27fed36","https://stellar.expert/explorer/testnet/tx/ef48b472b60d688f771b2c3f2533af78a2aa07c10702eec1b749408be27fed36"
"GAWYUVZICB5T66TGZTHW77ZZQHEVRNN55PKTDV6H6GBIOFMERX65EIDN","https://stellar.expert/explorer/testnet/account/GAWYUVZICB5T66TGZTHW77ZZQHEVRNN55PKTDV6H6GBIOFMERX65EIDN","9aafbd721d07119f67c83a1701c26a89d4ace60fb1ac26cfa480841f79c5896d","https://stellar.expert/explorer/testnet/tx/9aafbd721d07119f67c83a1701c26a89d4ace60fb1ac26cfa480841f79c5896d"
"GAN6K6WHXU3TLGHUFRPO42NXBFGXNTCD3OBAJYPGV43JKDNCTOIWSNCP","https://stellar.expert/explorer/testnet/account/GAN6K6WHXU3TLGHUFRPO42NXBFGXNTCD3OBAJYPGV43JKDNCTOIWSNCP","ed5272222af0edee8c693ff3c9bd60c3fd1083f86494bb3c6c97a3a392ee50da","https://stellar.expert/explorer/testnet/tx/ed5272222af0edee8c693ff3c9bd60c3fd1083f86494bb3c6c97a3a392ee50da"
"GAVNU2S5MSXKRSAUP2553MW7XYBFROH4XR2XZESH4BPAT6SUAXQUNBSY","https://stellar.expert/explorer/testnet/account/GAVNU2S5MSXKRSAUP2553MW7XYBFROH4XR2XZESH4BPAT6SUAXQUNBSY","fb8b4d24d571a14a12551dcddfa80638cbb3ec4aa1dd461b46a194102c559b50","https://stellar.expert/explorer/testnet/tx/fb8b4d24d571a14a12551dcddfa80638cbb3ec4aa1dd461b46a194102c559b50"
"GDAAMV4HOKGTCCCE3MEEWY6DGOIBSUF4ZWAB2SVJC35R4MOVYB4SYPN5","https://stellar.expert/explorer/testnet/account/GDAAMV4HOKGTCCCE3MEEWY6DGOIBSUF4ZWAB2SVJC35R4MOVYB4SYPN5","c298ff9d8c1bea1bf2c5c42bc7441d88138487b934a3ae1821ffa64709ceee7f","https://stellar.expert/explorer/testnet/tx/c298ff9d8c1bea1bf2c5c42bc7441d88138487b934a3ae1821ffa64709ceee7f"
"GCXKBOLXSEO2BD3P4B66A4FHOEQNF22FHDESB3QBBW5XBRTU2BAEZGVD","https://stellar.expert/explorer/testnet/account/GCXKBOLXSEO2BD3P4B66A4FHOEQNF22FHDESB3QBBW5XBRTU2BAEZGVD","802569c8848d3ec37899cd50fd141fbd7040fc5ac0639a79ff5244628c28fe51","https://stellar.expert/explorer/testnet/tx/802569c8848d3ec37899cd50fd141fbd7040fc5ac0639a79ff5244628c28fe51"
"GDXZOMLNL7O6TELXCCEQNNQBOYFXAVTSQ26JHZQ6WYLDAAY5E4ZHOVUF","https://stellar.expert/explorer/testnet/account/GDXZOMLNL7O6TELXCCEQNNQBOYFXAVTSQ26JHZQ6WYLDAAY5E4ZHOVUF","1af6f4f6abc7606fda609a64716451b4db1e213af146b5aea0d371d098088cc2","https://stellar.expert/explorer/testnet/tx/1af6f4f6abc7606fda609a64716451b4db1e213af146b5aea0d371d098088cc2"
"GCRJSZI6CK77PQXASMCLQXYYD22GAJ5DD5UEVCONXJJVOGANSTVGNPIG","https://stellar.expert/explorer/testnet/account/GCRJSZI6CK77PQXASMCLQXYYD22GAJ5DD5UEVCONXJJVOGANSTVGNPIG","6de626699d5e57015e1c2494fcdcb4a19b9b9433b213d3706e68c5a565c18f4f","https://stellar.expert/explorer/testnet/tx/6de626699d5e57015e1c2494fcdcb4a19b9b9433b213d3706e68c5a565c18f4f"
"GBKIE3ZZCIXJKJNEDC7DG4FKNWKMS4EGRP5B42GVLBPH2MZQS7BG3AVW","https://stellar.expert/explorer/testnet/account/GBKIE3ZZCIXJKJNEDC7DG4FKNWKMS4EGRP5B42GVLBPH2MZQS7BG3AVW","18306535e3e8dd9820672bd9b2788d2cd791c25380984d5adc81dbac42679040","https://stellar.expert/explorer/testnet/tx/18306535e3e8dd9820672bd9b2788d2cd791c25380984d5adc81dbac42679040"
"GCHUCKKU2FCMXG47P7XJYCFTSMFSHJ46I4WNSCPEKSZPKD3VDE3ZJDUP","https://stellar.expert/explorer/testnet/account/GCHUCKKU2FCMXG47P7XJYCFTSMFSHJ46I4WNSCPEKSZPKD3VDE3ZJDUP","c13ee2bf0dd872a4145064259eb9c23a3fbb4823a79c0cd3fb7067ba7f3b0b9e","https://stellar.expert/explorer/testnet/tx/c13ee2bf0dd872a4145064259eb9c23a3fbb4823a79c0cd3fb7067ba7f3b0b9e"
"GCJDW7XAOOZABSI2OB5KMDSX7Q2S4AXBFPIUIHUFCGLGNNRWD2TCZ2MH","https://stellar.expert/explorer/testnet/account/GCJDW7XAOOZABSI2OB5KMDSX7Q2S4AXBFPIUIHUFCGLGNNRWD2TCZ2MH","74f6d2f37c4c972a7eeabf51e73f86f5a7bf3c0f52430efa1050140936d35613","https://stellar.expert/explorer/testnet/tx/74f6d2f37c4c972a7eeabf51e73f86f5a7bf3c0f52430efa1050140936d35613"
"GDMXPP4KBRYV6VUEFRVM4ORN67JW4C4ENYDSHAQX4IDOXG7TU6VLRCQV","https://stellar.expert/explorer/testnet/account/GDMXPP4KBRYV6VUEFRVM4ORN67JW4C4ENYDSHAQX4IDOXG7TU6VLRCQV","2983536e26d1df1ceee22804fec848930546acbab96f0f8911c885e798aec622","https://stellar.expert/explorer/testnet/tx/2983536e26d1df1ceee22804fec848930546acbab96f0f8911c885e798aec622"
"GCTHHWLQ4XZX4VMQ2NJS2TMLIP44LB5TVONPGOCN4XSMC7FMWDZW4OLF","https://stellar.expert/explorer/testnet/account/GCTHHWLQ4XZX4VMQ2NJS2TMLIP44LB5TVONPGOCN4XSMC7FMWDZW4OLF","447ed61e825603ee6ffafdc91e330e5e4a6b573b3345b0942fb7388316e0f44c","https://stellar.expert/explorer/testnet/tx/447ed61e825603ee6ffafdc91e330e5e4a6b573b3345b0942fb7388316e0f44c"
"GC3KUPRNZAKDIKM5MGGMLVJ2WAEIEHKSV2CTMHQJKBHF7PZB4USZTNYE","https://stellar.expert/explorer/testnet/account/GC3KUPRNZAKDIKM5MGGMLVJ2WAEIEHKSV2CTMHQJKBHF7PZB4USZTNYE","74c0a43ea623bbc874b281772a7af1411f428f67804466ce5272624420104488","https://stellar.expert/explorer/testnet/tx/74c0a43ea623bbc874b281772a7af1411f428f67804466ce5272624420104488"
"GA2OGNGWG73M2F2GOJKIVBIMHGGRRIQRUBZRXHTSUR5CS3JTH7PSTHSZ","https://stellar.expert/explorer/testnet/account/GA2OGNGWG73M2F2GOJKIVBIMHGGRRIQRUBZRXHTSUR5CS3JTH7PSTHSZ","7689d31407d1348bc9a5a5c249413d0b500be27ba79c3b94ed916ec62d6cc79a","https://stellar.expert/explorer/testnet/tx/7689d31407d1348bc9a5a5c249413d0b500be27ba79c3b94ed916ec62d6cc79a"
